original_response-time,original_DNS+dialup,original_DNS,original_Request-write,original_Response-delay,original_Response-read,original_status-code,original_offset
0.2441,0.187,0.0891,0.0001,0.0567,0.0003,200,0.0002
0.1436,0.0997,0.0014,0.0001,0.0436,0.0001,200,0.2443
0.1434,0.1002,0.0018,0.0001,0.043,0.0001,200,0.3879
0.145,0.0984,0.0015,0.0002,0.0462,0.0001,200,0.5314
0.1571,0.1006,0.0011,0.0001,0.0562,0.0002,200,0.6764
0.1521,0.1071,0.0015,0.0002,0.0446,0.0001,200,0.8336
0.1453,0.0981,0.001,0.0,0.047,0.0001,200,0.9856
0.1434,0.0987,0.001,0.0001,0.0446,0.0001,200,1.1309
0.143,0.0968,0.001,0.0001,0.046,0.0001,200,1.2743
0.1674,0.1013,0.0016,0.0001,0.0657,0.0002,200,1.4173
0.1416,0.0987,0.0018,0.0001,0.0425,0.0002,200,1.5847
0.147,0.1007,0.0022,0.0001,0.046,0.0002,200,1.7263
0.1435,0.0988,0.0017,0.0002,0.0442,0.0002,200,1.8733
0.1963,0.1489,0.0018,0.0001,0.047,0.0002,200,2.0168
0.1456,0.1017,0.0019,0.0001,0.0435,0.0002,200,2.2131
0.1439,0.1005,0.0015,0.0001,0.0431,0.0001,200,2.3587
0.1433,0.0995,0.0012,0.0001,0.0436,0.0001,200,2.5027
0.1478,0.1014,0.0032,0.0001,0.0462,0.0001,200,2.6459
0.144,0.1005,0.0009,0.0,0.0433,0.0001,200,2.7937
0.146,0.1014,0.0007,0.0,0.0445,0.0001,200,2.9377
0.1432,0.1001,0.001,0.0,0.043,0.0,200,3.0837
0.1447,0.0995,0.0009,0.0001,0.045,0.0001,200,3.2269
0.1464,0.1014,0.0013,0.0001,0.0448,0.0001,200,3.3715
0.1469,0.0999,0.0012,0.0001,0.0469,0.0001,200,3.518
0.1483,0.0995,0.0009,0.0001,0.0485,0.0002,200,3.6649
0.1616,0.1011,0.0018,0.0001,0.0602,0.0001,200,3.8133
0.1793,0.1316,0.0019,0.0001,0.0473,0.0002,200,3.9748
0.146,0.1004,0.0017,0.0,0.0454,0.0001,200,4.1541
0.1478,0.1032,0.0014,0.0001,0.0441,0.0004,200,4.3001
0.146,0.0991,0.0018,0.0,0.0469,0.0,200,4.4479
0.1433,0.0991,0.0012,0.0,0.044,0.0001,200,4.5939
0.1455,0.1022,0.001,0.0001,0.0431,0.0001,200,4.7372
0.1484,0.1049,0.0028,0.0001,0.0431,0.0003,200,4.8827
0.1439,0.0986,0.0013,0.0001,0.045,0.0001,200,5.0311
0.1554,0.1023,0.0019,0.0001,0.0528,0.0001,200,5.175
0.1462,0.0992,0.0009,0.0,0.0468,0.0001,200,5.3304
0.1468,0.1016,0.001,0.0001,0.045,0.0001,200,5.4766
0.18,0.1023,0.001,0.0,0.0775,0.0001,200,5.6234
0.1522,0.1037,0.0009,0.0001,0.0484,0.0001,200,5.8034
0.1525,0.1098,0.0009,0.0,0.0426,0.0001,200,5.9556
0.1482,0.1011,0.0014,0.0001,0.0469,0.0001,200,6.1081
0.1509,0.1036,0.0013,0.0001,0.0469,0.0002,200,6.2563
0.1514,0.1049,0.0021,0.0001,0.0462,0.0001,200,6.4072
0.1459,0.1009,0.0018,0.0002,0.0446,0.0002,200,6.5586
0.1487,0.0999,0.0018,0.0001,0.0485,0.0001,200,6.7045
0.1531,0.1071,0.0013,0.0001,0.0457,0.0001,200,6.8532
0.144,0.1001,0.0009,0.0001,0.0438,0.0001,200,7.0063
0.1443,0.1006,0.0015,0.0001,0.0432,0.0003,200,7.1503
0.1471,0.1,0.0016,0.0001,0.0467,0.0002,200,7.2946
0.1468,0.1008,0.0028,0.0001,0.0456,0.0002,200,7.4418
0.1929,0.1338,0.0019,0.0001,0.0588,0.0001,200,7.5886
0.1545,0.1071,0.0017,0.0001,0.0472,0.0001,200,7.7815
0.144,0.1007,0.0008,0.0,0.0432,0.0001,200,7.936
0.1437,0.1005,0.0016,0.0001,0.0429,0.0001,200,8.08
0.1465,0.1005,0.0015,0.0001,0.0459,0.0001,200,8.2237
0.1463,0.1004,0.0012,0.0001,0.0458,0.0001,200,8.3702
0.1447,0.0993,0.001,0.0001,0.0452,0.0001,200,8.5165
0.1719,0.103,0.0011,0.0001,0.0687,0.0001,200,8.6613
0.1522,0.1043,0.0008,0.0001,0.0477,0.0001,200,8.8332
0.1461,0.102,0.0017,0.0,0.0439,0.0001,200,8.9854
0.1465,0.1034,0.0008,0.0,0.043,0.0,200,9.1315
0.1474,0.1008,0.0008,0.0,0.0465,0.0001,200,9.278
0.147,0.0996,0.0008,0.0,0.0474,0.0,200,9.4254
0.1918,0.0986,0.0008,0.0,0.0931,0.0,200,9.5724
0.2431,0.1204,0.0007,0.0,0.1225,0.0001,200,9.7643
0.1455,0.1004,0.0013,0.0001,0.0448,0.0001,200,10.0074
0.1446,0.0998,0.0017,0.0001,0.0444,0.0002,200,10.1529
0.1483,0.1029,0.0017,0.0,0.0453,0.0001,200,10.2975
0.1466,0.1017,0.0013,0.0001,0.0446,0.0002,200,10.4459
0.1462,0.0997,0.002,0.0001,0.0461,0.0002,200,10.5925
0.1519,0.1036,0.0038,0.0001,0.0478,0.0003,200,10.7386
0.1528,0.1067,0.0019,0.0001,0.0456,0.0003,200,10.8906
0.1758,0.1004,0.0021,0.0002,0.075,0.0002,200,11.0434
0.1484,0.1014,0.0018,0.0001,0.0466,0.0001,200,11.2191
0.1484,0.1012,0.0017,0.0001,0.0469,0.0001,200,11.3675
0.1441,0.0996,0.0014,0.0002,0.0441,0.0001,200,11.5159
0.1485,0.1014,0.0018,0.0001,0.0467,0.0002,200,11.66
0.1487,0.1011,0.0019,0.0,0.0473,0.0002,200,11.8085
0.1479,0.1031,0.0019,0.0001,0.0446,0.0001,200,11.9573
0.1429,0.1005,0.002,0.0001,0.0421,0.0001,200,12.1052
0.1452,0.1003,0.0015,0.0001,0.0446,0.0002,200,12.2482
0.1455,0.102,0.0017,0.0001,0.0433,0.0001,200,12.3934
0.1477,0.1004,0.0017,0.0001,0.047,0.0001,200,12.5389
0.1454,0.101,0.0019,0.0001,0.0441,0.0002,200,12.6866
0.147,0.1006,0.0016,0.0001,0.046,0.0002,200,12.832
0.1468,0.1012,0.0018,0.0001,0.0451,0.0002,200,12.979
0.149,0.1019,0.0033,0.0001,0.0468,0.0001,200,13.1258
0.1449,0.0994,0.0014,0.0001,0.0453,0.0001,200,13.2748
0.1449,0.1001,0.001,0.0001,0.0445,0.0001,200,13.4197
0.1489,0.1014,0.0017,0.0001,0.0472,0.0002,200,13.5646
0.1591,0.1123,0.002,0.0001,0.0465,0.0001,200,13.7136
0.1632,0.1041,0.0018,0.0001,0.0588,0.0001,200,13.8727
0.1536,0.1101,0.0018,0.0001,0.0432,0.0002,200,14.0359
0.1474,0.0996,0.0019,0.0001,0.0475,0.0002,200,14.1895
0.1466,0.1016,0.0019,0.0001,0.0447,0.0001,200,14.3369
0.1473,0.1012,0.0018,0.0001,0.0457,0.0002,200,14.4835
0.1507,0.1018,0.0018,0.0001,0.0485,0.0002,200,14.6308
0.149,0.1026,0.0023,0.0001,0.0461,0.0001,200,14.7815
0.143,0.1002,0.0015,0.0001,0.0426,0.0001,200,14.9305
0.1448,0.0997,0.0014,0.0001,0.0449,0.0001,200,15.0734
0.1439,0.0995,0.0011,0.0001,0.044,0.0002,200,15.2183
0.1458,0.102,0.0019,0.0001,0.0435,0.0001,200,15.3622
0.1475,0.1006,0.0015,0.0001,0.0466,0.0001,200,15.508
0.1478,0.1001,0.0014,0.0001,0.0474,0.0001,200,15.6555
0.1444,0.1003,0.0016,0.0001,0.0439,0.0001,200,15.8033
0.1458,0.1009,0.001,0.0001,0.0445,0.0002,200,15.9477
0.1499,0.1019,0.0017,0.0001,0.0477,0.0001,200,16.0935
0.1466,0.1006,0.002,0.0001,0.0457,0.0001,200,16.2434
0.1453,0.1007,0.0021,0.0001,0.0442,0.0001,200,16.39
0.1512,0.1073,0.0011,0.0001,0.0436,0.0002,200,16.5353
0.1418,0.0997,0.0018,0.0001,0.0418,0.0001,200,16.6865
0.1465,0.0998,0.0014,0.0001,0.0466,0.0,200,16.8283
0.145,0.1023,0.001,0.0,0.0426,0.0001,200,16.9748
0.1463,0.0993,0.0017,0.0001,0.0467,0.0002,200,17.1199
0.149,0.1011,0.002,0.0001,0.0475,0.0002,200,17.2662
0.149,0.1015,0.0017,0.0001,0.0471,0.0002,200,17.4152
0.1899,0.1192,0.0019,0.0001,0.0704,0.0002,200,17.5642
0.151,0.103,0.0017,0.0002,0.0476,0.0001,200,17.7541
0.1467,0.0995,0.0012,0.0001,0.0469,0.0001,200,17.9052
0.149,0.1016,0.0019,0.0001,0.047,0.0001,200,18.0519
0.1445,0.0997,0.0013,0.0001,0.0446,0.0001,200,18.2009
0.1446,0.1004,0.0014,0.0001,0.0439,0.0001,200,18.3453
0.1487,0.1034,0.001,0.0001,0.045,0.0001,200,18.4899
0.1478,0.1005,0.0018,0.0001,0.047,0.0001,200,18.6387
0.154,0.1067,0.0015,0.0001,0.0471,0.0001,200,18.7865
0.1577,0.1101,0.0016,0.0001,0.047,0.0004,200,18.9405
0.1462,0.101,0.0015,0.0001,0.0449,0.0001,200,19.0982
0.1469,0.1015,0.0017,0.0001,0.0451,0.0001,200,19.2444
0.1483,0.1008,0.0019,0.0002,0.0471,0.0001,200,19.3913
0.1514,0.1017,0.002,0.0001,0.0494,0.0001,200,19.5396
0.1839,0.1383,0.0021,0.0001,0.0453,0.0001,200,19.691
0.1512,0.1018,0.0019,0.0001,0.0491,0.0001,200,19.8749
0.1457,0.1009,0.0018,0.0001,0.0445,0.0002,200,20.0262
0.1463,0.1024,0.002,0.0001,0.0437,0.0001,200,20.1719
0.1463,0.1023,0.001,0.0,0.0439,0.0001,200,20.3183
0.1452,0.1001,0.0014,0.0,0.0449,0.0001,200,20.4646
0.1424,0.0986,0.0013,0.0,0.0438,0.0,200,20.6098
0.1489,0.1023,0.0008,0.0001,0.0461,0.0004,200,20.7522
0.145,0.0997,0.0009,0.0,0.0451,0.0001,200,20.9011
0.1456,0.1006,0.0009,0.0,0.0449,0.0001,200,21.0462
0.1451,0.1004,0.0009,0.0,0.0446,0.0001,200,21.1918
0.1415,0.1006,0.0007,0.0,0.0408,0.0001,200,21.3369
0.1464,0.1009,0.0008,0.0,0.0454,0.0001,200,21.4784
0.1406,0.0996,0.0008,0.0,0.0409,0.0,200,21.6248
0.1443,0.0988,0.0008,0.0,0.0454,0.0,200,21.7654
0.1468,0.1013,0.0011,0.0,0.0454,0.0,200,21.9097
0.1473,0.0998,0.0008,0.0001,0.0474,0.0001,200,22.0565
0.1505,0.0992,0.0009,0.0,0.0511,0.0,200,22.2039
0.1469,0.1019,0.0007,0.0,0.0449,0.0,200,22.3544
0.1439,0.099,0.0005,0.0,0.0448,0.0001,200,22.5012
0.1499,0.1053,0.001,0.0,0.0444,0.0001,200,22.6451
0.1453,0.101,0.0012,0.0,0.0443,0.0,200,22.7951
0.2356,0.1602,0.0008,0.0001,0.0751,0.0002,200,22.9404
0.252,0.1853,0.0012,0.0001,0.0665,0.0001,200,23.176
0.2168,0.1701,0.0011,0.0,0.0466,0.0001,200,23.4279
0.1479,0.1056,0.0008,0.0,0.0421,0.0,200,23.6447
0.1617,0.1058,0.0008,0.0,0.0557,0.0,200,23.7926
0.1849,0.1276,0.0007,0.0,0.0572,0.0001,200,23.9543
0.1427,0.0992,0.0008,0.0,0.0434,0.0001,200,24.1391
0.1433,0.0988,0.0008,0.0,0.0444,0.0,200,24.2819
0.1443,0.098,0.0008,0.0,0.0462,0.0,200,24.4252
0.142,0.0991,0.0008,0.0,0.0428,0.0,200,24.5695
0.1428,0.0974,0.0008,0.0,0.0453,0.0,200,24.7115
0.1479,0.1017,0.0031,0.0,0.0461,0.0,200,24.8543
0.1442,0.0987,0.0008,0.0001,0.0454,0.0,200,25.0022
0.1399,0.0984,0.0008,0.0,0.0415,0.0,200,25.1465
0.1455,0.1007,0.001,0.0,0.0447,0.0,200,25.2864
0.1421,0.0993,0.0008,0.0,0.0427,0.0,200,25.4319
0.143,0.0978,0.0008,0.0,0.0451,0.0,200,25.5739
0.1873,0.1433,0.0008,0.0001,0.0439,0.0001,200,25.7169
0.146,0.1012,0.0008,0.0,0.0447,0.0001,200,25.9043
0.1462,0.0995,0.0008,0.0,0.0466,0.0,200,26.0503
0.1425,0.0986,0.0016,0.0,0.0438,0.0001,200,26.1965
0.1441,0.1003,0.0008,0.0,0.0437,0.0001,200,26.339
0.1407,0.0988,0.0008,0.0,0.0418,0.0001,200,26.4831
0.1464,0.0999,0.001,0.0002,0.0463,0.0,200,26.6238
0.1424,0.0989,0.0008,0.0,0.0435,0.0,200,26.7702
0.1443,0.0987,0.0007,0.0,0.0455,0.0,200,26.9127
0.1409,0.0978,0.0011,0.0,0.0431,0.0,200,27.057
0.1435,0.0989,0.0007,0.0,0.0445,0.0,200,27.1979
0.1454,0.1012,0.001,0.0,0.0441,0.0,200,27.3414
0.1476,0.0996,0.0007,0.0,0.0479,0.0,200,27.4868
0.155,0.1092,0.0008,0.0,0.0458,0.0,200,27.6344
0.168,0.1263,0.0011,0.0,0.0416,0.0001,200,27.7894
0.1652,0.1187,0.0007,0.0,0.0465,0.0,200,27.9575
0.144,0.0984,0.0007,0.0,0.0455,0.0,200,28.1227
0.1525,0.0982,0.0008,0.0,0.0527,0.0016,200,28.2667
0.1427,0.098,0.0009,0.0,0.0446,0.0,200,28.4192
0.1486,0.101,0.0013,0.0001,0.0473,0.0001,200,28.5619
0.1615,0.1012,0.0019,0.0001,0.06,0.0001,200,28.7105
0.1789,0.0993,0.0015,0.0001,0.0793,0.0001,200,28.872
0.1542,0.108,0.0015,0.0001,0.046,0.0001,200,29.0509
0.145,0.0991,0.0009,0.0001,0.0457,0.0,200,29.2052
0.1452,0.1033,0.0012,0.0,0.0417,0.0001,200,29.3501
0.1483,0.1003,0.0013,0.0001,0.0478,0.0001,200,29.4953
0.2065,0.1459,0.0011,0.0001,0.0603,0.0001,200,29.6436
0.1742,0.1136,0.0017,0.0001,0.0603,0.0001,200,29.85
0.1463,0.1011,0.0012,0.0001,0.0448,0.0001,200,30.0242
0.1456,0.0992,0.0015,0.0,0.0462,0.0001,200,30.1705
0.1432,0.1002,0.0009,0.0,0.043,0.0,200,30.3161
0.1432,0.0993,0.0009,0.0,0.0437,0.0001,200,30.4593
0.1452,0.1003,0.0016,0.0001,0.0448,0.0001,200,30.6025
0.1445,0.1011,0.0012,0.0001,0.0432,0.0001,200,30.7477
0.1474,0.1014,0.0016,0.0001,0.0455,0.0002,200,30.8923
0.1543,0.1072,0.0021,0.0001,0.0467,0.0002,200,31.0397
0.1518,0.1024,0.0018,0.0001,0.049,0.0001,200,31.194
0.1496,0.1038,0.0018,0.0001,0.0455,0.0001,200,31.3458
0.1478,0.1024,0.0022,0.0001,0.0452,0.0001,200,31.4954
0.1437,0.0996,0.0011,0.0001,0.0439,0.0001,200,31.6432
0.1523,0.1064,0.0016,0.0001,0.0456,0.0001,200,31.7869
0.1479,0.1,0.0011,0.0001,0.0476,0.0002,200,31.9392
0.1467,0.1008,0.0014,0.0001,0.0455,0.0002,200,32.087
0.1496,0.1025,0.0017,0.0001,0.0468,0.0002,200,32.2338
0.151,0.1022,0.0018,0.0001,0.0485,0.0002,200,32.3834
0.1452,0.101,0.0018,0.0001,0.0439,0.0001,200,32.5345
0.1462,0.1019,0.0019,0.0001,0.0439,0.0002,200,32.6797
0.1471,0.1026,0.0018,0.0001,0.0442,0.0001,200,32.8259
0.1432,0.1011,0.0018,0.0001,0.0419,0.0001,200,32.973
0.1449,0.0995,0.0008,0.0001,0.0451,0.0002,200,33.1162
0.1495,0.1007,0.0009,0.0,0.0487,0.0001,200,33.2611
0.1461,0.0985,0.0008,0.0001,0.0475,0.0001,200,33.4106
0.1433,0.1004,0.0007,0.0,0.0428,0.0001,200,33.5568
0.1696,0.0995,0.0009,0.0001,0.0698,0.0001,200,33.7001
0.2043,0.1444,0.0009,0.0001,0.0597,0.0001,200,33.8696
0.1675,0.1261,0.0009,0.0,0.0412,0.0,200,34.0739
0.1441,0.103,0.0027,0.0001,0.0409,0.0001,200,34.2414
0.1475,0.1039,0.001,0.0001,0.0433,0.0,200,34.3855
0.146,0.1022,0.0008,0.0,0.0437,0.0001,200,34.5329
0.1417,0.0979,0.0008,0.0001,0.0437,0.0001,200,34.679
0.1421,0.0994,0.001,0.0,0.0426,0.0001,200,34.8207
0.1446,0.1006,0.0011,0.0001,0.0439,0.0001,200,34.9629
0.1475,0.1008,0.0015,0.0001,0.0465,0.0001,200,35.1075
0.1453,0.1002,0.0011,0.0001,0.0449,0.0001,200,35.2549
0.1446,0.0992,0.0011,0.0001,0.0452,0.0001,200,35.4002
0.143,0.0983,0.001,0.0,0.0446,0.0001,200,35.5448
0.1454,0.0994,0.0013,0.0001,0.0457,0.0001,200,35.6878
0.1491,0.1009,0.0017,0.0001,0.0478,0.0002,200,35.8332
0.1482,0.1019,0.0016,0.0001,0.0459,0.0002,200,35.9823
0.1502,0.1009,0.0017,0.0001,0.0491,0.0001,200,36.1305
0.1486,0.101,0.0016,0.0001,0.0474,0.0002,200,36.2807
0.1447,0.099,0.0015,0.0001,0.0452,0.0004,200,36.4293
0.1482,0.1015,0.0023,0.0001,0.0464,0.0001,200,36.574
0.1463,0.1004,0.0009,0.0001,0.0457,0.0001,200,36.7222
0.1451,0.1018,0.0013,0.0001,0.043,0.0002,200,36.8684
0.1479,0.104,0.0018,0.0004,0.0434,0.0001,200,37.0135
0.1487,0.1024,0.0021,0.0001,0.046,0.0002,200,37.1615
0.1471,0.1019,0.0018,0.0001,0.0448,0.0002,200,37.3102
0.148,0.1038,0.0017,0.0001,0.0439,0.0001,200,37.4573
0.1525,0.104,0.0019,0.0001,0.0482,0.0001,200,37.6053
0.1658,0.1208,0.0017,0.0001,0.0447,0.0001,200,37.7579
0.1474,0.1018,0.0027,0.0003,0.045,0.0002,200,0.0002
0.1508,0.1003,0.0019,0.0002,0.0497,0.0005,200,0.1476
0.1512,0.1022,0.0018,0.0002,0.0486,0.0002,200,0.2984
0.1466,0.1012,0.0016,0.0002,0.045,0.0002,200,0.4495
0.1474,0.1008,0.0018,0.0001,0.0464,0.0001,200,0.5962
0.1542,0.1014,0.001,0.0001,0.0525,0.0001,200,0.7436
0.1794,0.1101,0.0021,0.0002,0.0689,0.0001,200,0.8978
0.1725,0.1274,0.0011,0.0,0.045,0.0,200,1.0772
0.1448,0.0989,0.0009,0.0,0.0458,0.0,200,1.2497
0.1436,0.0989,0.0008,0.0001,0.0446,0.0,200,1.3945
0.1468,0.1015,0.0013,0.0,0.0452,0.0001,200,1.5381
0.1768,0.1216,0.0009,0.0001,0.0549,0.0001,200,1.6849
0.2105,0.1164,0.0016,0.0001,0.0937,0.0002,200,1.8617
0.148,0.1024,0.0017,0.0001,0.0453,0.0002,200,2.0722
0.1485,0.1013,0.0021,0.0001,0.0468,0.0002,200,2.2202
0.1466,0.0996,0.0017,0.0001,0.0468,0.0001,200,2.3688
0.1437,0.0992,0.0008,0.0001,0.0442,0.0002,200,2.5154
0.1514,0.1028,0.0018,0.0001,0.0483,0.0002,200,2.6591
0.1456,0.0999,0.0017,0.0001,0.0454,0.0001,200,2.8105
0.1505,0.1023,0.002,0.0001,0.0479,0.0001,200,2.9561
0.1551,0.1063,0.0016,0.0001,0.0484,0.0002,200,3.1067
0.1552,0.1039,0.0021,0.0002,0.0509,0.0001,200,3.2618
0.1531,0.1017,0.0017,0.0001,0.0511,0.0001,200,3.417
0.1452,0.0993,0.0018,0.0001,0.0457,0.0001,200,3.5701
0.1506,0.1012,0.0018,0.0001,0.0491,0.0001,200,3.7153
0.1466,0.1019,0.0014,0.0001,0.0445,0.0002,200,3.866
0.1441,0.0997,0.0013,0.0001,0.0442,0.0001,200,4.0126
0.1431,0.0987,0.0008,0.0,0.0443,0.0,200,4.1567
0.1485,0.099,0.0012,0.0001,0.0494,0.0001,200,4.2998
0.1484,0.1013,0.0018,0.0001,0.0468,0.0002,200,4.4483
0.1524,0.1018,0.002,0.0001,0.0504,0.0001,200,4.5968
0.15,0.1043,0.0011,0.0001,0.0456,0.0,200,4.7491
0.1446,0.0987,0.0008,0.0,0.0458,0.0001,200,4.8992
0.1439,0.0989,0.0013,0.0001,0.0446,0.0002,200,5.0438
0.1438,0.0992,0.0015,0.0001,0.0443,0.0001,200,5.1877
0.1477,0.1002,0.0012,0.0001,0.0471,0.0002,200,5.3315
0.1475,0.1017,0.0018,0.0001,0.0451,0.0006,200,5.4792
0.1496,0.1003,0.0014,0.0,0.0491,0.0001,200,5.6267
0.1475,0.1006,0.0009,0.0001,0.0468,0.0001,200,5.7763
0.1799,0.1298,0.001,0.0001,0.0499,0.0001,200,5.9238
0.1455,0.0997,0.0011,0.0001,0.0456,0.0001,200,6.1037
0.1495,0.1018,0.0012,0.0001,0.0474,0.0001,200,6.2492
0.1495,0.1013,0.0018,0.0001,0.0478,0.0001,200,6.3987
0.1475,0.1015,0.0018,0.0001,0.0456,0.0002,200,6.5482
0.1484,0.1009,0.0015,0.0001,0.0473,0.0001,200,6.6957
0.1451,0.1,0.0014,0.0001,0.0448,0.0002,200,6.8441
0.1496,0.0996,0.0014,0.0001,0.0496,0.0003,200,6.9892
0.1474,0.1014,0.0022,0.0001,0.0457,0.0001,200,7.1389
0.1451,0.0992,0.0014,0.0001,0.0456,0.0001,200,7.2863
0.1458,0.1,0.0015,0.0001,0.0455,0.0001,200,7.4314
0.1522,0.1056,0.0015,0.0001,0.0463,0.0002,200,7.5772
0.1722,0.1007,0.0015,0.0001,0.0713,0.0001,200,7.7294
0.1515,0.1023,0.001,0.0001,0.0489,0.0001,200,7.9016
0.1482,0.1027,0.0019,0.0001,0.045,0.0002,200,8.0531
0.1506,0.1001,0.0017,0.0002,0.0501,0.0002,200,8.2013
0.1459,0.1006,0.0018,0.0001,0.045,0.0001,200,8.3519
0.1535,0.1017,0.002,0.0001,0.0514,0.0002,200,8.4978
0.146,0.1006,0.0018,0.0001,0.0451,0.0001,200,8.6513
0.1457,0.1001,0.0008,0.0001,0.0452,0.0002,200,8.7972
0.1461,0.101,0.0019,0.0001,0.0449,0.0001,200,8.9429
0.145,0.1006,0.001,0.0,0.0443,0.0,200,9.089
0.1561,0.1091,0.0012,0.0001,0.0466,0.0003,200,9.234
0.1561,0.1028,0.0024,0.0001,0.0529,0.0001,200,9.3901
0.1507,0.1012,0.0018,0.0001,0.0491,0.0001,200,9.5462
0.1726,0.109,0.0019,0.0001,0.0633,0.0001,200,9.6969
0.1548,0.1101,0.0017,0.0001,0.0443,0.0002,200,9.8695
0.1503,0.1015,0.0018,0.0001,0.0484,0.0002,200,10.0243
0.1504,0.1029,0.002,0.0001,0.047,0.0004,200,10.1746
0.1578,0.1084,0.0058,0.0002,0.049,0.0002,200,10.325
0.1491,0.1014,0.0018,0.0001,0.0474,0.0002,200,10.4828
0.1499,0.1024,0.0019,0.0001,0.0471,0.0002,200,10.6319
0.1535,0.1044,0.0018,0.0001,0.0487,0.0002,200,10.7818
0.182,0.1161,0.0019,0.0001,0.0657,0.0001,200,10.9353
0.1648,0.1179,0.0013,0.0001,0.0465,0.0001,200,11.1173
0.1581,0.1115,0.0013,0.0001,0.0464,0.0001,200,11.2821
0.1481,0.1024,0.0027,0.0001,0.0454,0.0001,200,11.4403
0.153,0.1039,0.0048,0.0001,0.0487,0.0002,200,11.5884
0.2079,0.1264,0.0018,0.0001,0.0812,0.0001,200,11.7414
0.1519,0.1038,0.0019,0.0001,0.0477,0.0001,200,11.9493
0.1469,0.1001,0.0011,0.0001,0.0464,0.0001,200,12.1011
0.1497,0.1029,0.0018,0.0001,0.0465,0.0001,200,12.2481
0.1509,0.1017,0.0017,0.0001,0.0489,0.0002,200,12.3978
0.1544,0.1086,0.0019,0.0001,0.0454,0.0002,200,12.5487
0.151,0.1042,0.0019,0.0002,0.0464,0.0002,200,12.7031
0.1577,0.1057,0.002,0.0001,0.0517,0.0002,200,12.8541
0.1519,0.1058,0.0018,0.0001,0.0458,0.0001,200,13.0118
0.1461,0.1022,0.0018,0.0001,0.0435,0.0002,200,13.1638
0.1606,0.1026,0.0018,0.0001,0.0577,0.0002,200,13.3098
0.1565,0.1025,0.0015,0.0001,0.0536,0.0002,200,13.4705
0.1562,0.1024,0.0014,0.0001,0.0534,0.0002,200,13.627
0.1465,0.1018,0.0017,0.0001,0.0444,0.0001,200,13.7832
0.1495,0.1031,0.0018,0.0001,0.046,0.0002,200,13.9297
0.1483,0.1029,0.0018,0.0001,0.0451,0.0001,200,14.0792
0.1483,0.1029,0.0017,0.0001,0.0447,0.0005,200,14.2275
0.151,0.1028,0.0017,0.0001,0.0479,0.0001,200,14.3758
0.1466,0.0995,0.0014,0.0001,0.0467,0.0002,200,14.5269
0.1465,0.1028,0.0015,0.0001,0.0433,0.0002,200,14.6735
0.147,0.0998,0.0017,0.0001,0.0469,0.0001,200,14.82
0.153,0.1028,0.0021,0.0001,0.0499,0.0001,200,14.967
0.1453,0.0989,0.0013,0.0001,0.046,0.0002,200,15.12
0.1492,0.1023,0.0018,0.0001,0.0465,0.0002,200,15.2653
0.1509,0.1025,0.0018,0.0001,0.0481,0.0001,200,15.4145
0.1628,0.1115,0.0015,0.0001,0.051,0.0001,200,15.5654
0.1499,0.1016,0.0016,0.0001,0.048,0.0002,200,15.7282
0.1814,0.1126,0.0017,0.0002,0.0684,0.0001,200,15.8781
0.1812,0.1271,0.0019,0.0001,0.0531,0.0009,200,16.0595
0.1513,0.1014,0.0009,0.0001,0.0497,0.0002,200,16.2408
0.1492,0.1025,0.0015,0.0001,0.0463,0.0002,200,16.3921
0.1475,0.1027,0.0021,0.0001,0.0445,0.0002,200,16.5413
0.1587,0.101,0.002,0.0001,0.0573,0.0002,200,16.6889
0.1593,0.1105,0.0014,0.0001,0.0485,0.0001,200,16.8476
0.1541,0.1047,0.0018,0.0001,0.0488,0.0004,200,17.0069
0.1518,0.1018,0.0017,0.0001,0.0497,0.0002,200,17.161
0.1481,0.1011,0.0019,0.0001,0.0466,0.0002,200,17.3128
0.1491,0.1022,0.0018,0.0001,0.0465,0.0002,200,17.4609
0.147,0.1016,0.0018,0.0001,0.045,0.0002,200,17.6099
0.147,0.1027,0.0018,0.0001,0.044,0.0002,200,17.757
0.1517,0.1008,0.0019,0.0001,0.0506,0.0002,200,17.904
0.1549,0.1077,0.0018,0.0001,0.0468,0.0002,200,18.0558
0.1457,0.101,0.0018,0.0001,0.0443,0.0001,200,18.2106
0.1486,0.1012,0.002,0.0001,0.047,0.0002,200,18.3563
0.1473,0.1019,0.0021,0.0001,0.0451,0.0001,200,18.505
0.1452,0.1029,0.0014,0.0001,0.042,0.0001,200,18.6523
0.1493,0.1013,0.0015,0.0001,0.0477,0.0001,200,18.7975
0.1518,0.1046,0.0018,0.0001,0.0468,0.0002,200,18.9468
0.149,0.1006,0.0018,0.0001,0.0481,0.0001,200,19.0986
0.1495,0.101,0.0019,0.0002,0.0481,0.0002,200,19.2476
0.1542,0.1053,0.0018,0.0001,0.0486,0.0001,200,19.3971
0.1755,0.106,0.0018,0.0001,0.0691,0.0002,200,19.5512
0.2245,0.1097,0.0017,0.0001,0.1145,0.0001,200,19.7267
0.1475,0.1025,0.0021,0.0001,0.0447,0.0001,200,19.9512
0.1813,0.1325,0.002,0.0001,0.0485,0.0001,200,20.0987
0.1476,0.1014,0.0021,0.0001,0.0458,0.0001,200,20.28
0.1491,0.1024,0.0018,0.0001,0.0464,0.0001,200,20.4276
0.1505,0.1004,0.0015,0.0001,0.0498,0.0001,200,20.5767
0.1464,0.1009,0.0016,0.0001,0.0452,0.0002,200,20.7273
0.1848,0.1176,0.0018,0.0002,0.0669,0.0001,200,20.8737
0.168,0.1223,0.0018,0.0002,0.0454,0.0002,200,21.0585
0.1456,0.1006,0.0017,0.0001,0.0447,0.0002,200,21.2265
0.1479,0.1005,0.0018,0.0001,0.0471,0.0002,200,21.3721
0.1496,0.1034,0.0017,0.0001,0.0459,0.0001,200,21.5201
0.1793,0.1004,0.0015,0.0001,0.0785,0.0002,200,21.6697
0.2447,0.1403,0.0016,0.0001,0.1041,0.0002,200,21.849
0.1458,0.1016,0.0017,0.0001,0.0438,0.0001,200,22.0937
0.1473,0.1008,0.0022,0.0001,0.0461,0.0001,200,22.2395
0.1559,0.1085,0.002,0.0001,0.0468,0.0005,200,22.3867
0.1554,0.1091,0.0017,0.0001,0.0459,0.0001,200,22.5427
0.1447,0.1005,0.0017,0.0001,0.0439,0.0002,200,22.698
0.1481,0.1019,0.0019,0.0001,0.0458,0.0002,200,22.8427
0.152,0.1037,0.002,0.0001,0.048,0.0001,200,22.9909
0.148,0.0987,0.0015,0.0001,0.049,0.0001,200,23.1428
0.1434,0.1005,0.002,0.0001,0.0425,0.0001,200,23.2908
0.1483,0.1036,0.002,0.0001,0.0443,0.0001,200,23.4342
0.1543,0.11,0.0017,0.0001,0.044,0.0002,200,23.5825
0.1466,0.1028,0.0034,0.0001,0.0435,0.0001,200,23.7368
0.1493,0.1029,0.0019,0.0001,0.0461,0.0002,200,23.8835
0.147,0.1008,0.0017,0.0001,0.0458,0.0001,200,24.0328
0.152,0.1031,0.0017,0.0001,0.0486,0.0001,200,24.1798
0.1508,0.1045,0.0019,0.0001,0.046,0.0001,200,24.3318
0.1557,0.1063,0.002,0.0002,0.049,0.0001,200,24.4826
0.1615,0.1041,0.0035,0.0001,0.0571,0.0001,200,24.6383
0.1594,0.1079,0.0015,0.0001,0.0511,0.0001,200,24.7998
0.1527,0.1046,0.0018,0.0001,0.0476,0.0002,200,24.9592
0.1516,0.1066,0.0018,0.0002,0.0446,0.0002,200,25.1119
0.151,0.1037,0.0017,0.0001,0.047,0.0001,200,25.2635
0.1592,0.1036,0.0018,0.0001,0.0552,0.0002,200,25.4145
0.1492,0.1017,0.001,0.0001,0.0472,0.0001,200,25.5737
0.1479,0.1025,0.0018,0.0001,0.0451,0.0001,200,25.7229
0.1935,0.1005,0.0019,0.0001,0.0927,0.0001,200,25.8708
0.1807,0.1056,0.0017,0.0001,0.0747,0.0001,200,26.0643
0.1456,0.1007,0.0018,0.0001,0.0444,0.0003,200,26.245
0.1596,0.1077,0.0021,0.0001,0.0515,0.0002,200,26.3906
0.1486,0.103,0.0019,0.0001,0.0452,0.0002,200,26.5502
0.1493,0.1027,0.0018,0.0001,0.0462,0.0002,200,26.6988
0.1558,0.1029,0.0019,0.0001,0.0526,0.0001,200,26.848
0.1552,0.1042,0.0019,0.0001,0.0506,0.0001,200,27.0038
0.1574,0.1074,0.0015,0.0001,0.0497,0.0002,200,27.159
0.1475,0.1004,0.002,0.0001,0.0467,0.0002,200,27.3164
0.1531,0.1022,0.0017,0.0001,0.0505,0.0002,200,27.4639
0.1516,0.1019,0.0021,0.0001,0.0493,0.0002,200,27.617
0.1554,0.1067,0.0019,0.0001,0.0485,0.0001,200,27.7686
0.1965,0.1501,0.0019,0.0001,0.0461,0.0001,200,27.924
0.1572,0.1095,0.0018,0.0001,0.0474,0.0002,200,28.1206
0.1507,0.1007,0.0018,0.0001,0.0498,0.0001,200,28.2778
0.155,0.1087,0.0015,0.0001,0.046,0.0002,200,28.4285
0.1461,0.1011,0.0019,0.0001,0.0447,0.0001,200,28.5836
0.1488,0.1039,0.001,0.0,0.0447,0.0001,200,28.7296
0.1527,0.1057,0.0009,0.0,0.0468,0.0001,200,28.8784
0.1452,0.1006,0.0015,0.0001,0.0445,0.0001,200,29.0311
0.1484,0.0986,0.0016,0.0001,0.0491,0.0006,200,29.1763
0.1592,0.1103,0.003,0.0001,0.0488,0.0,200,29.3248
0.1488,0.102,0.0009,0.0,0.0467,0.0001,200,29.484
0.1695,0.116,0.0012,0.0,0.0534,0.0,200,29.6329
0.2185,0.1398,0.0011,0.0,0.0786,0.0001,200,29.8024
0.1504,0.101,0.001,0.0001,0.0492,0.0001,200,30.0209
0.1461,0.0996,0.0012,0.0,0.0464,0.0001,200,30.1713
0.1467,0.0994,0.0013,0.0001,0.047,0.0001,200,30.3173
0.1457,0.0999,0.0018,0.0,0.0457,0.0001,200,30.464
0.15,0.1004,0.001,0.0001,0.0494,0.0002,200,30.6098
0.1435,0.1001,0.0014,0.0001,0.0431,0.0002,200,30.7598
0.2247,0.17,0.0028,0.0001,0.0544,0.0001,200,30.9033
0.151,0.1008,0.0017,0.0001,0.0498,0.0002,200,31.1281
0.1505,0.106,0.0018,0.0001,0.0442,0.0001,200,31.2791
0.151,0.1032,0.0019,0.0001,0.0475,0.0001,200,31.4297
0.1485,0.0989,0.0018,0.0001,0.0493,0.0002,200,31.5807
0.2156,0.1277,0.0018,0.0001,0.0875,0.0002,200,31.7292
0.1735,0.1204,0.0017,0.0001,0.0527,0.0002,200,31.9448
0.1509,0.1008,0.0018,0.0001,0.0497,0.0002,200,32.1183
0.1493,0.1023,0.002,0.0001,0.0467,0.0002,200,32.2692
0.15,0.1028,0.0019,0.0001,0.0468,0.0002,200,32.4186
0.1502,0.1013,0.002,0.0001,0.0484,0.0003,200,32.5686
0.1484,0.1026,0.0018,0.0001,0.0454,0.0002,200,32.7188
0.1495,0.1027,0.0019,0.0001,0.0464,0.0002,200,32.8672
0.1586,0.1094,0.0019,0.0001,0.0488,0.0002,200,33.0167
0.1585,0.1073,0.0014,0.0001,0.0509,0.0001,200,33.1752
0.1565,0.1084,0.0018,0.0001,0.0476,0.0002,200,33.3337
0.1496,0.1011,0.0024,0.0001,0.0481,0.0002,200,33.4901
0.1494,0.1004,0.0021,0.0001,0.0487,0.0002,200,33.6397
0.1617,0.1061,0.0043,0.0001,0.0511,0.0042,200,33.7892
0.1548,0.1076,0.002,0.0001,0.0466,0.0004,200,33.9509
0.1486,0.1009,0.0018,0.0001,0.0473,0.0002,200,34.1057
0.1477,0.1017,0.0019,0.0001,0.0457,0.0002,200,34.2542
0.1498,0.1024,0.0018,0.0001,0.047,0.0002,200,34.402
0.1487,0.1016,0.0019,0.0002,0.0467,0.0001,200,34.5518
0.1465,0.1012,0.0018,0.0001,0.045,0.0002,200,34.7005
0.1485,0.1,0.0018,0.0001,0.0481,0.0002,200,34.847
0.1544,0.1079,0.0017,0.0001,0.0459,0.0004,200,34.9955
0.1526,0.1027,0.002,0.0001,0.0495,0.0002,200,35.1499
0.1478,0.1009,0.0017,0.0001,0.0466,0.0001,200,35.3025
0.1569,0.1016,0.0019,0.0001,0.0549,0.0002,200,35.4503
0.1515,0.1014,0.002,0.0001,0.0498,0.0001,200,35.6072
0.1629,0.0991,0.0014,0.0001,0.0634,0.0002,200,35.7587
0.1437,0.0986,0.0018,0.0001,0.0448,0.0001,200,35.9217
0.1478,0.0999,0.0018,0.0001,0.0476,0.0002,200,36.0654
0.1445,0.0974,0.0018,0.0001,0.0468,0.0001,200,36.2132
0.1511,0.1013,0.0011,0.0,0.0497,0.0,200,36.3577
0.1439,0.0976,0.0008,0.0,0.0461,0.0001,200,36.5088
0.1418,0.0965,0.001,0.0,0.0451,0.0001,200,36.6527
0.145,0.0968,0.0012,0.0001,0.0481,0.0001,200,36.7944
0.1418,0.0982,0.0013,0.0001,0.0433,0.0002,200,36.9395
0.1468,0.0982,0.0018,0.0005,0.0477,0.0002,200,37.0813
0.1454,0.0992,0.0013,0.0001,0.0458,0.0002,200,37.228
0.1482,0.0982,0.0017,0.0001,0.0497,0.0002,200,37.3734
0.1458,0.0981,0.0016,0.0,0.0474,0.0001,200,37.5217
0.1463,0.102,0.0014,0.0,0.0442,0.0001,200,37.6675
0.1412,0.097,0.0009,0.0,0.0442,0.0,200,37.8138
0.1418,0.0979,0.0008,0.0,0.0438,0.0001,200,37.955
0.1447,0.0998,0.0013,0.0001,0.0442,0.0005,200,38.0968
0.1632,0.1123,0.0015,0.0001,0.0501,0.0001,200,38.2415
0.188,0.1131,0.0019,0.0001,0.0746,0.0002,200,38.4046
0.1427,0.0996,0.0032,0.0002,0.0426,0.0002,200,0.0002
0.1457,0.1002,0.0016,0.0001,0.045,0.0001,200,0.1429
0.1425,0.0979,0.0019,0.0001,0.0444,0.0001,200,0.2886
0.1455,0.0995,0.0013,0.0002,0.0456,0.0002,200,0.4311
0.145,0.1032,0.0043,0.0001,0.0417,0.0,200,0.5766
0.141,0.0995,0.0008,0.0001,0.0414,0.0,200,0.7216
0.1434,0.0981,0.0012,0.0001,0.0451,0.0,200,0.8627
0.1521,0.0986,0.0008,0.0001,0.05,0.0034,200,1.006
0.1809,0.1017,0.0036,0.0,0.079,0.0001,200,1.1581
0.1594,0.115,0.0008,0.0,0.0444,0.0,200,1.339
0.1558,0.109,0.0008,0.0,0.0466,0.0,200,1.4984
0.1405,0.0975,0.0008,0.0,0.0429,0.0001,200,1.6542
0.1438,0.0991,0.0013,0.0001,0.0445,0.0001,200,1.7947
0.1696,0.1194,0.0017,0.0001,0.05,0.0001,200,1.9385
0.1428,0.0989,0.001,0.0001,0.0437,0.0001,200,2.1081
0.1406,0.0979,0.0014,0.0001,0.0424,0.0002,200,2.2509
0.1416,0.0976,0.0017,0.0001,0.0437,0.0001,200,2.3915
0.142,0.1009,0.0014,0.0,0.041,0.0001,200,2.5331
0.1438,0.0991,0.0012,0.0001,0.0444,0.0001,200,2.6751
0.1467,0.0988,0.0013,0.0001,0.0477,0.0001,200,2.8189
0.1525,0.1081,0.0015,0.0001,0.0441,0.0001,200,2.9657
0.1453,0.1011,0.0011,0.0001,0.044,0.0001,200,3.1182
0.139,0.0987,0.0007,0.0,0.0402,0.0001,200,3.2634
0.142,0.0994,0.0009,0.0,0.0425,0.0001,200,3.4024
0.1427,0.0988,0.0008,0.0,0.0438,0.0001,200,3.5444
0.1392,0.0973,0.0013,0.0001,0.0417,0.0001,200,3.6872
0.1419,0.0985,0.001,0.0001,0.043,0.0001,200,3.8264
0.1435,0.0993,0.0019,0.0001,0.0439,0.0002,200,3.9682
0.1415,0.0981,0.0016,0.0001,0.0431,0.0001,200,4.1117
0.2227,0.1584,0.0014,0.0001,0.0637,0.0004,200,4.2532
0.1646,0.12,0.0015,0.0001,0.0442,0.0002,200,4.4759
0.1458,0.1001,0.0019,0.0001,0.0454,0.0001,200,4.6405
0.1416,0.0994,0.0017,0.0002,0.0418,0.0001,200,4.7863
0.1426,0.0997,0.0017,0.0001,0.0426,0.0001,200,4.9279
0.1425,0.0988,0.0018,0.0001,0.0434,0.0001,200,5.0706
0.1412,0.0987,0.0007,0.0001,0.0422,0.0001,200,5.213
0.142,0.098,0.002,0.0003,0.0435,0.0001,200,5.3542
0.1449,0.1005,0.0016,0.0001,0.0441,0.0001,200,5.4962
0.1427,0.0987,0.0018,0.0001,0.0439,0.0001,200,5.641
0.1451,0.098,0.0014,0.0001,0.0469,0.0001,200,5.7838
0.1437,0.0994,0.001,0.0001,0.0441,0.0001,200,5.9288
0.1416,0.0976,0.0014,0.0001,0.0437,0.0001,200,6.0726
0.1449,0.0999,0.0014,0.0001,0.0448,0.0001,200,6.2142
0.1381,0.097,0.0015,0.0,0.041,0.0,200,6.359
0.1381,0.0968,0.0008,0.0,0.041,0.0001,200,6.4972
0.1392,0.0972,0.0013,0.0,0.0418,0.0001,200,6.6353
0.1464,0.0983,0.0009,0.0001,0.0479,0.0001,200,6.7744
0.1419,0.0973,0.001,0.0001,0.0444,0.0001,200,6.9208
0.1427,0.0994,0.0008,0.0001,0.0431,0.0001,200,7.0627
0.1434,0.097,0.0009,0.0,0.0463,0.0,200,7.2054
0.1424,0.0975,0.0009,0.0001,0.0446,0.0001,200,7.3488
0.144,0.0992,0.0016,0.0001,0.0442,0.0005,200,7.4911
0.1523,0.1055,0.0019,0.0001,0.0465,0.0001,200,7.6351
0.1405,0.0988,0.0019,0.0001,0.0414,0.0001,200,7.7875
0.1415,0.0977,0.0017,0.0001,0.0434,0.0001,200,7.9279
0.1421,0.0992,0.0018,0.0,0.0428,0.0,200,8.0694
0.1378,0.0965,0.0009,0.0,0.0412,0.0,200,8.2115
0.1409,0.0986,0.0009,0.0001,0.0421,0.0001,200,8.3493
0.1572,0.0976,0.0009,0.0,0.0595,0.0001,200,8.4903
0.1396,0.0977,0.0009,0.0001,0.0416,0.0001,200,8.6475
0.1408,0.0967,0.0012,0.0001,0.044,0.0001,200,8.7871
0.143,0.0978,0.001,0.0001,0.045,0.0001,200,8.9279
0.1409,0.0968,0.0009,0.0001,0.0439,0.0001,200,9.0709
0.1782,0.0976,0.0008,0.0,0.0805,0.0001,200,9.2118
0.1448,0.0989,0.0009,0.0001,0.0455,0.0003,200,9.39
0.1465,0.1022,0.0028,0.0,0.0442,0.0001,200,9.5348
0.171,0.1099,0.0015,0.0,0.0609,0.0,200,9.6813
0.1849,0.1102,0.0007,0.0,0.0745,0.0001,200,9.8523
0.1473,0.1008,0.0008,0.0001,0.0464,0.0001,200,10.0371
0.1443,0.0989,0.0019,0.0001,0.0453,0.0001,200,10.1845
0.1433,0.0997,0.0012,0.0001,0.0434,0.0001,200,10.3288
0.1419,0.0991,0.0012,0.0001,0.0425,0.0001,200,10.4721
0.1436,0.0983,0.0014,0.0001,0.0452,0.0001,200,10.614
0.1414,0.0989,0.0009,0.0,0.0424,0.0,200,10.7577
0.1395,0.0964,0.0012,0.0,0.043,0.0001,200,10.899
0.1434,0.098,0.0012,0.0,0.0454,0.0,200,11.0386
0.1546,0.1017,0.0008,0.0001,0.0528,0.0001,200,11.182
0.1498,0.1022,0.0013,0.0001,0.0473,0.0002,200,11.3366
0.1494,0.1035,0.0017,0.0001,0.0457,0.0001,200,11.4864
0.1413,0.0978,0.0011,0.0,0.0433,0.0001,200,11.6358
0.143,0.0976,0.0014,0.0001,0.0452,0.0001,200,11.7771
0.2304,0.1125,0.0013,0.0,0.1178,0.0001,200,11.9202
0.1613,0.0983,0.0015,0.0001,0.0629,0.0001,200,12.1506
0.1475,0.1042,0.001,0.0001,0.043,0.0001,200,12.3119
0.1418,0.0981,0.0015,0.0001,0.0434,0.0001,200,12.4594
0.1432,0.0972,0.0013,0.0001,0.0458,0.0,200,12.6013
0.1448,0.0992,0.0012,0.0,0.0454,0.0001,200,12.7445
0.1408,0.0986,0.001,0.0,0.042,0.0001,200,12.8892
0.1419,0.0978,0.0007,0.0001,0.0439,0.0001,200,13.03
0.1419,0.0981,0.0009,0.0001,0.0436,0.0001,200,13.1719
0.1418,0.0975,0.001,0.0001,0.0441,0.0001,200,13.3137
0.1415,0.0983,0.0014,0.0001,0.0429,0.0001,200,13.4555
0.1412,0.0985,0.0017,0.0001,0.0423,0.0001,200,13.597
0.1433,0.0992,0.0019,0.0001,0.0438,0.0001,200,13.7382
0.1459,0.102,0.0013,0.0001,0.0436,0.0001,200,13.8815
0.1401,0.0961,0.0014,0.0,0.0439,0.0001,200,14.0274
0.143,0.0975,0.0008,0.0,0.0453,0.0001,200,14.1674
0.2125,0.1288,0.0008,0.0,0.0836,0.0001,200,14.3104
0.1693,0.1264,0.0008,0.0,0.0428,0.0001,200,14.5229
0.1463,0.1029,0.001,0.0,0.0433,0.0001,200,14.6922
0.1437,0.0971,0.0014,0.0,0.0465,0.0001,200,14.8385
0.146,0.1006,0.001,0.0001,0.0452,0.0001,200,14.9823
0.144,0.0975,0.0013,0.0001,0.0463,0.0001,200,15.1283
0.1443,0.0989,0.0013,0.0002,0.0451,0.0001,200,15.2723
0.1424,0.0985,0.001,0.0002,0.0436,0.0001,200,15.4166
0.1409,0.0985,0.0014,0.0001,0.0421,0.0001,200,15.559
0.14,0.0974,0.0009,0.0,0.0425,0.0001,200,15.7
0.1432,0.0999,0.0011,0.0,0.0432,0.0001,200,15.84
0.1408,0.0973,0.0007,0.0,0.0434,0.0001,200,15.9832
0.1457,0.0993,0.001,0.0001,0.0462,0.0001,200,16.124
0.144,0.0981,0.001,0.0001,0.0457,0.0001,200,16.2697
0.1425,0.0979,0.0012,0.0002,0.0443,0.0001,200,16.4137
0.1436,0.0988,0.002,0.0,0.0446,0.0001,200,16.5562
0.1423,0.0977,0.0009,0.0001,0.0444,0.0001,200,16.6998
0.1415,0.0988,0.0014,0.0001,0.0424,0.0001,200,16.8421
0.1411,0.1,0.0014,0.0001,0.0408,0.0001,200,16.9835
0.1442,0.0989,0.0016,0.0001,0.045,0.0002,200,17.1246
0.1422,0.099,0.0021,0.0001,0.0429,0.0001,200,17.2689
0.1402,0.0983,0.0015,0.0001,0.0417,0.0001,200,17.4111
0.1429,0.0986,0.0019,0.0001,0.0441,0.0001,200,17.5513
0.1421,0.0989,0.0018,0.0001,0.0429,0.0001,200,17.6943
0.1467,0.0988,0.0018,0.0001,0.0476,0.0001,200,17.8364
0.1445,0.0996,0.0011,0.0001,0.0446,0.0001,200,17.983
0.147,0.101,0.0019,0.0001,0.0456,0.0002,200,18.1276
0.148,0.1033,0.0016,0.0001,0.0443,0.0003,200,18.2746
0.1447,0.1009,0.0021,0.0001,0.0435,0.0002,200,18.4226
0.1457,0.0997,0.0017,0.0001,0.0457,0.0001,200,18.5673
0.1432,0.0967,0.0017,0.0001,0.0462,0.0002,200,18.713
0.1427,0.0998,0.0018,0.0001,0.0426,0.0001,200,18.8562
0.1432,0.099,0.0024,0.0001,0.0439,0.0001,200,18.999
0.1471,0.0987,0.0017,0.0001,0.0475,0.0007,200,19.1422
0.148,0.0999,0.0018,0.0001,0.0478,0.0001,200,19.2893
0.1515,0.1,0.0017,0.0001,0.0511,0.0002,200,19.4373
0.1457,0.1011,0.0016,0.0001,0.0443,0.0001,200,19.5888
0.1601,0.1037,0.0018,0.0001,0.056,0.0001,200,19.7345
0.1754,0.1169,0.002,0.0001,0.0582,0.0001,200,19.8946
0.1415,0.0978,0.0012,0.0002,0.0434,0.0001,200,20.07
0.1412,0.0979,0.0017,0.0001,0.043,0.0001,200,20.2115
0.142,0.0977,0.0016,0.0001,0.0441,0.0001,200,20.3528
0.1427,0.0975,0.0009,0.0001,0.0449,0.0001,200,20.4948
0.1441,0.099,0.0015,0.0001,0.0449,0.0001,200,20.6375
0.1425,0.0984,0.0008,0.0,0.0439,0.0,200,20.7816
0.1426,0.0978,0.0011,0.0,0.0447,0.0,200,20.924
0.1407,0.0972,0.0008,0.0,0.0435,0.0001,200,21.0666
0.1462,0.1015,0.0009,0.0001,0.0445,0.0001,200,21.2074
0.1688,0.1191,0.0015,0.0001,0.0494,0.0001,200,21.3536
0.1481,0.1044,0.0029,0.0001,0.0435,0.0001,200,21.5224
0.1426,0.0985,0.001,0.0001,0.0439,0.0001,200,21.6705
0.143,0.0979,0.0014,0.0001,0.0449,0.0001,200,21.8131
0.1816,0.1251,0.0012,0.0001,0.0563,0.0001,200,21.9561
0.1533,0.1045,0.001,0.0001,0.0486,0.0001,200,22.1377
0.1411,0.0977,0.0013,0.0002,0.043,0.0002,200,22.2909
0.1413,0.0984,0.0012,0.0001,0.0427,0.0001,200,22.432
0.1414,0.0976,0.001,0.0,0.0437,0.0001,200,22.5734
0.142,0.0982,0.0012,0.0,0.0437,0.0,200,22.7147
0.1396,0.097,0.0009,0.0,0.0425,0.0,200,22.8567
0.1416,0.0976,0.0008,0.0,0.0439,0.0001,200,22.9963
0.1425,0.0988,0.0011,0.0001,0.0434,0.0001,200,23.138
0.1576,0.1133,0.0016,0.0001,0.0439,0.0002,200,23.2804
0.145,0.1014,0.004,0.0001,0.0433,0.0001,200,23.438
0.1429,0.0977,0.0016,0.0,0.045,0.0001,200,23.583
0.1418,0.0976,0.0008,0.0,0.0439,0.0002,200,23.7259
0.1413,0.0978,0.0016,0.0002,0.0431,0.0001,200,23.8676
0.1446,0.0994,0.0013,0.0001,0.045,0.0001,200,24.0089
0.1413,0.0976,0.001,0.0001,0.0434,0.0001,200,24.1536
0.185,0.1382,0.0018,0.0001,0.0466,0.0001,200,24.2949
0.1532,0.1095,0.001,0.0002,0.0434,0.0001,200,24.4799
0.1439,0.0995,0.0009,0.0001,0.044,0.0001,200,24.6331
0.1445,0.0996,0.0019,0.0001,0.0446,0.0001,200,24.777
0.1436,0.1012,0.0018,0.0001,0.0421,0.0002,200,24.9214
0.1412,0.0984,0.0014,0.0001,0.0425,0.0001,200,25.0651
0.1388,0.0978,0.0011,0.0001,0.0408,0.0001,200,25.2063
0.1399,0.0997,0.0019,0.0001,0.0399,0.0001,200,25.3451
0.1418,0.0983,0.002,0.0001,0.043,0.0004,200,25.485
0.1486,0.1009,0.0024,0.0001,0.0474,0.0001,200,25.6268
0.1447,0.0999,0.002,0.0001,0.0445,0.0001,200,25.7754
0.144,0.0996,0.0018,0.0001,0.0439,0.0002,200,25.9201
0.1489,0.0999,0.0024,0.0001,0.0487,0.0002,200,26.0641
0.1437,0.0994,0.0017,0.0001,0.044,0.0001,200,26.2131
0.1446,0.0986,0.0018,0.0001,0.0457,0.0001,200,26.3568
0.1429,0.0996,0.0019,0.0001,0.0429,0.0002,200,26.5013
0.1431,0.0996,0.0022,0.0001,0.0431,0.0003,200,26.6442
0.145,0.099,0.0017,0.0001,0.0456,0.0001,200,26.7874
0.1435,0.0991,0.0015,0.0001,0.0442,0.0002,200,26.9324
0.1428,0.0975,0.0014,0.0001,0.0451,0.0001,200,27.0759
0.1437,0.0988,0.0008,0.0001,0.0446,0.0001,200,27.2187
0.1436,0.0985,0.0018,0.0001,0.0449,0.0001,200,27.3623
0.1386,0.0969,0.0016,0.0001,0.0414,0.0001,200,27.506
0.1457,0.1014,0.0031,0.0001,0.0439,0.0002,200,27.6446
0.1424,0.0987,0.0019,0.0001,0.0435,0.0001,200,27.7903
0.1488,0.1043,0.0012,0.0001,0.0443,0.0001,200,27.9327
0.1467,0.1029,0.0026,0.0001,0.0436,0.0001,200,28.0815
0.1401,0.0974,0.0009,0.0001,0.0425,0.0001,200,28.2282
0.1442,0.0974,0.0014,0.0001,0.0466,0.0001,200,28.3683
0.1425,0.0979,0.001,0.0,0.0445,0.0001,200,28.5125
0.1462,0.0993,0.0009,0.0,0.0468,0.0001,200,28.655
0.146,0.1014,0.0014,0.0001,0.0443,0.0002,200,28.8012
0.1408,0.0987,0.0017,0.0001,0.0418,0.0001,200,28.9472
0.1414,0.0987,0.0017,0.0001,0.0424,0.0001,200,29.088
0.1725,0.0989,0.0018,0.0001,0.0733,0.0001,200,29.2293
0.1501,0.1015,0.0017,0.0001,0.0483,0.0001,200,29.4018
0.1452,0.0999,0.002,0.0001,0.0449,0.0002,200,29.5519
0.162,0.0997,0.0017,0.0001,0.062,0.0001,200,29.6971
0.1814,0.1347,0.0015,0.0001,0.0464,0.0001,200,29.8591
0.1393,0.0976,0.0015,0.0001,0.041,0.0005,200,30.0405
0.1426,0.0987,0.0018,0.0001,0.0436,0.0001,200,30.1798
0.1424,0.0979,0.0017,0.0001,0.0443,0.0001,200,30.3224
0.1453,0.0997,0.0018,0.0001,0.0452,0.0001,200,30.4649
0.1446,0.1011,0.0018,0.0001,0.0431,0.0001,200,30.6102
0.1443,0.0992,0.0018,0.0001,0.0448,0.0001,200,30.7547
0.3793,0.3328,0.0017,0.0001,0.0462,0.0001,200,30.899
0.1524,0.1066,0.0018,0.0001,0.0455,0.0002,200,31.2783
0.1818,0.1338,0.0019,0.0001,0.0476,0.0001,200,31.4307
0.1433,0.0988,0.0017,0.0001,0.0442,0.0001,200,31.6124
0.1424,0.0982,0.0018,0.0001,0.0438,0.0001,200,31.7558
0.1502,0.0987,0.0018,0.0001,0.0512,0.0001,200,31.8981
0.2031,0.1205,0.0019,0.0001,0.0822,0.0001,200,32.0483
0.1411,0.0994,0.0018,0.0001,0.0413,0.0002,200,32.2514
0.1456,0.1025,0.0024,0.0001,0.0428,0.0001,200,32.3925
0.1449,0.0986,0.0018,0.0001,0.046,0.0001,200,32.5381
0.1419,0.0991,0.0018,0.0001,0.0425,0.0001,200,32.683
0.1457,0.1006,0.002,0.0001,0.0448,0.0001,200,32.8249
0.1428,0.0984,0.0015,0.0001,0.044,0.0001,200,32.9706
0.1453,0.0996,0.0018,0.0001,0.0453,0.0003,200,33.1134
0.1449,0.0985,0.0016,0.0001,0.0461,0.0002,200,33.2587
0.1451,0.1001,0.0018,0.0001,0.0447,0.0001,200,33.4036
0.1423,0.0993,0.0019,0.0001,0.0427,0.0001,200,33.5487
0.1445,0.0991,0.0021,0.0001,0.0451,0.0001,200,33.6911
0.147,0.0997,0.0019,0.0001,0.047,0.0001,200,33.8356
0.1422,0.0989,0.0017,0.0001,0.043,0.0001,200,33.9826
0.1413,0.0986,0.0018,0.0002,0.0423,0.0002,200,34.1249
0.1519,0.1067,0.0017,0.0002,0.0448,0.0002,200,34.2661
0.1736,0.1279,0.0019,0.0001,0.0453,0.0001,200,34.418
0.1436,0.0986,0.0017,0.0001,0.0446,0.0001,200,34.5916
0.1519,0.1075,0.002,0.0001,0.044,0.0002,200,34.7352
0.1447,0.101,0.0016,0.0001,0.0433,0.0002,200,34.8871
0.1463,0.099,0.0018,0.0001,0.047,0.0001,200,35.0319
0.1476,0.1033,0.0016,0.0001,0.044,0.0001,200,35.1782
0.1407,0.0992,0.0018,0.0001,0.0412,0.0001,200,35.3258
0.1472,0.1036,0.0018,0.0001,0.0433,0.0001,200,35.4665
0.1439,0.1009,0.0017,0.0001,0.0427,0.0001,200,35.6137
0.1406,0.0979,0.0016,0.0001,0.0424,0.0001,200,35.7576
0.1497,0.1005,0.0018,0.0001,0.0489,0.0001,200,35.8982
0.141,0.0981,0.0018,0.0001,0.0426,0.0001,200,36.0479
0.1404,0.0982,0.0018,0.0001,0.0419,0.0001,200,36.189
0.1415,0.0999,0.0019,0.0001,0.0412,0.0002,200,36.3294
0.1433,0.101,0.0028,0.0001,0.042,0.0001,200,36.4709
0.1447,0.0994,0.0021,0.0002,0.0447,0.0001,200,36.6145
0.1452,0.1016,0.0031,0.0001,0.0432,0.0002,200,36.7592
0.1512,0.1058,0.002,0.0001,0.0448,0.0004,200,36.9044
0.47,0.1002,0.0032,0.0004,0.3692,0.0003,200,0.0002
0.404,0.0987,0.0018,0.0001,0.3048,0.0001,200,0.4702
0.4015,0.0983,0.0009,0.0002,0.3029,0.0,200,0.8742
0.4085,0.0955,0.0008,0.0,0.3127,0.0003,200,1.2757
0.3499,0.0967,0.0014,0.0001,0.2529,0.0002,200,1.6842
0.3043,0.0998,0.0017,0.0001,0.2041,0.0002,200,2.0342
0.4357,0.0995,0.0021,0.0001,0.3358,0.0003,200,2.3385
0.3618,0.1117,0.0015,0.0001,0.2497,0.0002,200,2.7742
0.3619,0.098,0.0021,0.0001,0.2635,0.0002,200,3.136
0.328,0.0994,0.0019,0.0001,0.2269,0.0015,200,3.4979
0.4443,0.0976,0.0015,0.0001,0.3463,0.0002,200,3.8259
0.3869,0.1291,0.0017,0.0001,0.2574,0.0002,200,4.2701
0.421,0.0992,0.0019,0.0001,0.3215,0.0002,200,4.657
0.4993,0.1377,0.0018,0.0001,0.3613,0.0002,200,5.078
0.3535,0.1128,0.0015,0.0001,0.2403,0.0002,200,5.5773
0.486,0.0986,0.0015,0.0001,0.387,0.0001,200,5.9308
0.4163,0.097,0.0014,0.0001,0.319,0.0002,200,6.4168
0.3297,0.1001,0.0018,0.0001,0.2292,0.0003,200,6.8331
0.3758,0.1109,0.002,0.0001,0.2644,0.0004,200,7.1628
0.3824,0.0991,0.0013,0.0001,0.2829,0.0002,200,7.5386
0.3689,0.0998,0.0022,0.0001,0.2688,0.0002,200,7.9209
0.45,0.0977,0.0021,0.0002,0.3519,0.0002,200,8.2899
0.391,0.0986,0.0017,0.0001,0.2919,0.0002,200,8.7399
0.4416,0.0999,0.0019,0.0001,0.3407,0.0008,200,9.1309
0.3259,0.0999,0.0026,0.0001,0.2256,0.0002,200,9.5724
0.3393,0.0992,0.0018,0.0002,0.2397,0.0002,200,9.8983
0.4168,0.1003,0.002,0.0001,0.3161,0.0002,200,10.2376
0.4186,0.1004,0.0019,0.0001,0.3179,0.0002,200,10.6544
0.4299,0.1049,0.0016,0.0001,0.3245,0.0002,200,11.0731
0.2931,0.0986,0.0017,0.0002,0.1941,0.0002,200,11.5029
0.3603,0.099,0.0019,0.0001,0.2609,0.0002,200,11.796
0.3208,0.0985,0.0017,0.0001,0.222,0.0002,200,12.1564
0.3971,0.0985,0.0018,0.0001,0.2982,0.0002,200,12.4772
0.4455,0.1099,0.0015,0.0001,0.3352,0.0003,200,12.8743
0.5193,0.0996,0.0019,0.0001,0.4195,0.0001,200,13.3199
0.3442,0.0973,0.0009,0.0001,0.2466,0.0002,200,13.8392
0.3502,0.1027,0.0018,0.0001,0.2473,0.0002,200,14.1835
0.3097,0.0983,0.0018,0.0001,0.211,0.0002,200,14.5337
0.4593,0.0993,0.0019,0.0001,0.3595,0.0002,200,14.8434
0.352,0.1023,0.0023,0.0001,0.2493,0.0002,200,15.3027
0.4426,0.1003,0.003,0.0001,0.342,0.0002,200,15.6547
0.3371,0.0989,0.0015,0.0001,0.2379,0.0001,200,16.0973
0.3999,0.0997,0.0009,0.0001,0.2998,0.0003,200,16.4345
0.3344,0.0997,0.0018,0.0001,0.2344,0.0002,200,16.8344
0.441,0.1056,0.0031,0.0001,0.3351,0.0002,200,17.1688
0.427,0.0989,0.0019,0.0001,0.3277,0.0002,200,17.6098
0.3612,0.0984,0.0018,0.0001,0.2625,0.0002,200,18.0368
0.3948,0.0982,0.0016,0.0001,0.2963,0.0001,200,18.398
0.3615,0.0982,0.0019,0.0001,0.2629,0.0002,200,18.7929
0.3931,0.0998,0.0017,0.0001,0.2928,0.0003,200,19.1544
0.4158,0.099,0.0021,0.0001,0.3164,0.0002,200,19.5474
0.4191,0.0979,0.0016,0.0001,0.321,0.0002,200,19.9633
0.3583,0.0986,0.0018,0.0001,0.2593,0.0003,200,20.3824
0.3911,0.0998,0.0017,0.0001,0.2909,0.0002,200,20.7407
0.3023,0.0999,0.0019,0.0001,0.2019,0.0003,200,21.1319
0.2995,0.099,0.0018,0.0001,0.2001,0.0002,200,21.4342
0.2836,0.0979,0.0018,0.0001,0.1854,0.0001,200,21.7337
0.3938,0.097,0.001,0.0002,0.2964,0.0001,200,22.0173
0.4128,0.0988,0.0014,0.0001,0.3136,0.0002,200,22.4111
0.3692,0.11,0.0018,0.0001,0.2589,0.0002,200,22.8239
0.2992,0.0984,0.0016,0.0001,0.2005,0.0002,200,23.1931
0.3266,0.0998,0.002,0.0001,0.2251,0.0015,200,23.4923
0.3356,0.0987,0.0018,0.0001,0.2366,0.0002,200,23.819
0.3706,0.1195,0.0018,0.0002,0.2507,0.0002,200,24.1546
0.4054,0.0988,0.0015,0.0001,0.3062,0.0002,200,24.5252
0.4404,0.1329,0.0017,0.0001,0.3071,0.0002,200,24.9305
0.3075,0.1022,0.0018,0.0001,0.205,0.0001,200,25.371
0.3804,0.1,0.002,0.0002,0.28,0.0002,200,25.6785
0.3725,0.1,0.0019,0.0001,0.2722,0.0002,200,26.0589
0.2887,0.0982,0.0013,0.0001,0.1901,0.0002,200,26.4314
0.3028,0.0978,0.0019,0.0001,0.2047,0.0002,200,26.7201
0.5023,0.0998,0.0018,0.0002,0.4021,0.0002,200,27.023
0.494,0.1009,0.0018,0.0001,0.3928,0.0002,200,27.5253
0.4014,0.0992,0.0019,0.0001,0.3018,0.0003,200,28.0193
0.3629,0.1006,0.002,0.0001,0.262,0.0002,200,28.4207
0.3309,0.0994,0.0017,0.0001,0.2311,0.0002,200,28.7836
0.4268,0.0989,0.0019,0.0001,0.3275,0.0002,200,29.1145
0.3383,0.0987,0.0016,0.0002,0.2391,0.0002,200,29.5413
0.3108,0.0978,0.0016,0.0001,0.2127,0.0002,200,29.8796
0.3747,0.0986,0.0018,0.0001,0.2759,0.0001,200,30.1904
0.4014,0.0971,0.001,0.0001,0.304,0.0002,200,30.5651
0.4258,0.1053,0.0018,0.0001,0.3202,0.0002,200,30.9665
0.3256,0.0993,0.0018,0.0001,0.2259,0.0002,200,31.3923
0.3427,0.1003,0.0019,0.0001,0.234,0.0082,200,31.7179
0.3619,0.1148,0.0019,0.0001,0.2467,0.0002,200,32.0606
0.3595,0.1009,0.0016,0.0001,0.2582,0.0002,200,32.4225
0.329,0.1005,0.0019,0.0002,0.2281,0.0002,200,32.7821
0.3855,0.0982,0.0018,0.0001,0.2869,0.0002,200,33.1111
0.4007,0.1052,0.0019,0.0002,0.2949,0.0003,200,33.4966
0.3639,0.1026,0.0029,0.0001,0.2609,0.0002,200,33.8973
0.3575,0.0978,0.0018,0.0001,0.2594,0.0001,200,34.2612
0.3459,0.0991,0.0025,0.0001,0.2465,0.0002,200,34.6187
0.467,0.0994,0.0018,0.0001,0.3672,0.0002,200,34.9646
0.2998,0.0996,0.0017,0.0001,0.1998,0.0002,200,35.4316
0.3288,0.0974,0.0019,0.0001,0.231,0.0002,200,35.7315
0.3744,0.0995,0.0023,0.0001,0.2745,0.0002,200,36.0603
0.3757,0.1042,0.0024,0.0001,0.2711,0.0002,200,36.4347
0.329,0.1024,0.0018,0.0001,0.2263,0.0002,200,36.8104
0.5368,0.1253,0.0018,0.0001,0.4111,0.0002,200,37.1394
0.4455,0.1172,0.0018,0.0001,0.3279,0.0002,200,37.6762
0.3754,0.0994,0.0016,0.0001,0.2756,0.0002,200,38.1217
0.4371,0.1508,0.0019,0.0001,0.2859,0.0002,200,38.4971
0.4097,0.0965,0.0017,0.0001,0.3128,0.0002,200,38.9341
0.4062,0.0995,0.0018,0.0001,0.3064,0.0002,200,39.3438
0.2827,0.0998,0.0017,0.0001,0.1825,0.0002,200,39.7501
0.4005,0.0996,0.0018,0.0002,0.3005,0.0002,200,40.0328
0.3805,0.0996,0.002,0.0001,0.2805,0.0002,200,40.4333
0.3469,0.0994,0.0018,0.0001,0.2471,0.0002,200,40.8138
0.4124,0.0988,0.0017,0.0001,0.3133,0.0001,200,41.1607
0.3395,0.1005,0.0015,0.0001,0.2387,0.0001,200,41.5731
0.2987,0.0975,0.0012,0.0001,0.2009,0.0002,200,41.9126
0.3204,0.1025,0.0018,0.0001,0.2175,0.0002,200,42.2113
0.3686,0.1299,0.0018,0.0001,0.2384,0.0001,200,42.5317
0.3345,0.0983,0.0017,0.0001,0.2358,0.0002,200,42.9004
0.409,0.1013,0.0023,0.0001,0.3074,0.0002,200,43.2349
0.332,0.101,0.0016,0.0001,0.2307,0.0002,200,43.6439
0.4645,0.0976,0.0016,0.0001,0.3666,0.0002,200,43.976
0.3585,0.1,0.0018,0.0001,0.2581,0.0002,200,44.4405
0.3741,0.1014,0.0017,0.0001,0.2724,0.0002,200,44.799
0.3645,0.0985,0.0019,0.0002,0.2654,0.0005,200,45.1732
0.3147,0.0992,0.0017,0.0002,0.215,0.0002,200,45.5377
0.4436,0.1048,0.0018,0.0001,0.3384,0.0002,200,45.8524
0.318,0.1015,0.0017,0.0001,0.2161,0.0002,200,46.296
0.3982,0.0992,0.0018,0.0001,0.2987,0.0002,200,46.614
0.3158,0.0989,0.0019,0.0001,0.2165,0.0002,200,47.0122
0.3755,0.104,0.0018,0.0001,0.2711,0.0002,200,47.328
0.4903,0.1013,0.002,0.0001,0.3886,0.0002,200,47.7035
0.4633,0.0986,0.0018,0.0001,0.3644,0.0002,200,48.1937
0.4764,0.1386,0.002,0.0001,0.3375,0.0001,200,48.657
0.371,0.0988,0.0009,0.0001,0.2718,0.0002,200,49.1334
0.3122,0.0985,0.0017,0.0001,0.2133,0.0002,200,49.5044
0.3762,0.0984,0.0018,0.0001,0.2774,0.0002,200,49.8166
0.4098,0.0994,0.0017,0.0001,0.31,0.0002,200,50.1928
0.3468,0.1006,0.0019,0.0001,0.2459,0.0002,200,50.6025
0.3232,0.0987,0.0019,0.0001,0.2241,0.0002,200,50.9493
0.3418,0.0992,0.0016,0.0001,0.2422,0.0002,200,51.2725
0.381,0.0971,0.0009,0.0001,0.2836,0.0002,200,51.6144
0.4342,0.1006,0.0018,0.0001,0.3332,0.0002,200,51.9954
0.4115,0.1002,0.0018,0.0001,0.3109,0.0002,200,52.4296
0.3374,0.1029,0.0018,0.0001,0.2341,0.0002,200,52.8411
0.4122,0.0987,0.0026,0.0001,0.3131,0.0002,200,53.1785
0.3279,0.0995,0.0018,0.0003,0.2279,0.0002,200,53.5907
0.3445,0.099,0.0017,0.0001,0.2452,0.0001,200,53.9186
0.4386,0.0995,0.0018,0.0001,0.3388,0.0002,200,54.2631
0.3679,0.0993,0.0017,0.0001,0.2682,0.0001,200,54.7018
0.3677,0.1082,0.0018,0.0001,0.2591,0.0002,200,55.0697
0.3961,0.0995,0.0018,0.0001,0.2962,0.0002,200,55.4373
0.2839,0.1,0.0017,0.0001,0.1836,0.0002,200,55.8334
0.563,0.1045,0.0019,0.0001,0.4581,0.0002,200,56.1173
0.3568,0.0989,0.0019,0.0001,0.2575,0.0002,200,56.6803
0.4687,0.0992,0.0019,0.0001,0.3692,0.0001,200,57.0371
0.3759,0.0983,0.0015,0.0001,0.2773,0.0002,200,57.5059
0.3323,0.1012,0.0019,0.0002,0.2306,0.0003,200,57.8818
0.3972,0.1105,0.0019,0.0001,0.2864,0.0002,200,58.2141
0.528,0.1067,0.0018,0.0002,0.4209,0.0002,200,58.6113
0.3776,0.0999,0.002,0.0001,0.2773,0.0002,200,59.1394
0.3177,0.0971,0.0018,0.0001,0.2202,0.0002,200,59.517
0.343,0.1002,0.0018,0.0001,0.2424,0.0002,200,59.8347
0.4671,0.1052,0.0019,0.0001,0.3616,0.0002,200,60.1777
0.4503,0.1273,0.0017,0.0001,0.3225,0.0003,200,60.6448
0.3562,0.0978,0.002,0.0001,0.2581,0.0001,200,61.0951
0.3073,0.1006,0.0016,0.0001,0.2064,0.0001,200,61.4514
0.3285,0.0977,0.0014,0.0001,0.2303,0.0004,200,61.7586
0.4338,0.1094,0.0015,0.0001,0.3241,0.0002,200,62.0872
0.3576,0.0966,0.0015,0.0001,0.2607,0.0002,200,62.521
0.3985,0.0981,0.0016,0.0001,0.3,0.0002,200,62.8786
0.4162,0.0986,0.0017,0.0001,0.3172,0.0002,200,63.2771
0.3697,0.099,0.0019,0.0001,0.2702,0.0002,200,63.6933
0.4268,0.1011,0.0018,0.0001,0.3254,0.0002,200,64.063
0.3686,0.0996,0.0017,0.0001,0.2686,0.0002,200,64.4898
0.3735,0.1006,0.0028,0.0001,0.2725,0.0002,200,64.8585
0.3369,0.0995,0.0018,0.0001,0.2369,0.0002,200,65.232
0.3554,0.0976,0.0017,0.0001,0.2574,0.0002,200,65.5688
0.3945,0.0986,0.0019,0.0001,0.2955,0.0002,200,65.9243
0.4638,0.1566,0.002,0.0001,0.3068,0.0002,200,66.3188
0.3213,0.0999,0.0018,0.0001,0.2209,0.0002,200,66.7825
0.3257,0.1041,0.0017,0.0001,0.2213,0.0002,200,67.1038
0.3183,0.099,0.0017,0.0001,0.2189,0.0002,200,67.4295
0.4337,0.1193,0.0017,0.0001,0.314,0.0002,200,67.7479
0.356,0.0993,0.0019,0.0001,0.2563,0.0001,200,68.1816
0.3824,0.1,0.0014,0.0001,0.2821,0.0002,200,68.5375
0.3993,0.1471,0.0017,0.0001,0.2518,0.0002,200,68.9199
0.358,0.0976,0.0018,0.0001,0.26,0.0002,200,69.3192
0.4503,0.0988,0.0018,0.0001,0.3512,0.0002,200,69.6772
0.4841,0.0986,0.0017,0.0001,0.3851,0.0002,200,70.1276
0.342,0.1009,0.0018,0.0001,0.2407,0.0002,200,70.6117
0.2815,0.0986,0.0017,0.0001,0.1826,0.0001,200,70.9538
0.3113,0.0972,0.0009,0.0001,0.2137,0.0002,200,71.2352
0.3979,0.0981,0.0017,0.0001,0.2996,0.0002,200,71.5465
0.3783,0.0974,0.0019,0.0001,0.2806,0.0002,200,71.9445
0.3538,0.1317,0.0018,0.0001,0.2217,0.0002,200,72.3228
0.3317,0.0993,0.0017,0.0001,0.232,0.0002,200,72.6766
0.3694,0.0991,0.002,0.0001,0.27,0.0002,200,73.0084
0.5024,0.0987,0.0018,0.0001,0.4034,0.0002,200,73.3778
0.537,0.1014,0.0019,0.0001,0.4353,0.0002,200,73.8803
0.3974,0.0997,0.0018,0.0002,0.2973,0.0002,200,74.4173
0.3863,0.0992,0.0018,0.0001,0.2867,0.0002,200,74.8148
0.4369,0.0996,0.002,0.0001,0.337,0.0002,200,75.2011
0.4323,0.1017,0.0021,0.0001,0.3303,0.0002,200,75.6381
0.3379,0.0999,0.0017,0.0001,0.2376,0.0001,200,76.0704
0.4064,0.1147,0.0013,0.0001,0.2913,0.0002,200,76.4083
0.3743,0.1004,0.002,0.0001,0.2736,0.0002,200,76.8147
0.4984,0.1055,0.0014,0.0001,0.3925,0.0003,200,77.189
0.3481,0.1176,0.0015,0.0001,0.2302,0.0002,200,77.6873
0.3096,0.1021,0.0019,0.0001,0.2071,0.0002,200,78.0355
0.3249,0.1031,0.0018,0.0001,0.2216,0.0001,200,78.3451
0.3366,0.1132,0.0012,0.0001,0.2231,0.0002,200,78.67
0.3636,0.0974,0.0017,0.0001,0.2659,0.0002,200,79.0067
0.4106,0.1031,0.0019,0.0001,0.3071,0.0002,200,79.3703
0.4605,0.0995,0.0018,0.0001,0.3607,0.0002,200,79.7808
0.4015,0.0978,0.0016,0.0001,0.3033,0.0002,200,80.2414
0.4106,0.0998,0.0017,0.0001,0.3103,0.0003,200,80.6429
0.3426,0.1054,0.0019,0.0001,0.2368,0.0002,200,81.0535
0.4246,0.0982,0.0017,0.0001,0.326,0.0002,200,81.3961
0.3589,0.1003,0.0019,0.0001,0.2581,0.0002,200,81.8207
0.3994,0.0978,0.0017,0.0001,0.3013,0.0002,200,82.1796
0.4232,0.102,0.0017,0.0001,0.3208,0.0002,200,82.579
0.4244,0.1149,0.0022,0.0001,0.3091,0.0002,200,83.0021
0.4836,0.0991,0.0016,0.0001,0.3843,0.0001,200,83.4265
0.3771,0.0983,0.002,0.0001,0.2784,0.0002,200,83.9101
0.412,0.0983,0.0017,0.0001,0.3134,0.0002,200,84.2872
0.3857,0.1013,0.002,0.0001,0.2841,0.0002,200,84.6992
0.4115,0.0986,0.0018,0.0001,0.3125,0.0002,200,85.085
0.389,0.0991,0.0019,0.0001,0.2895,0.0002,200,85.4965
0.4749,0.0996,0.0018,0.0001,0.3749,0.0002,200,85.8854
0.456,0.1072,0.0019,0.0001,0.3485,0.0001,200,86.3603
0.4041,0.1007,0.0012,0.0001,0.303,0.0001,200,86.8164
0.3618,0.0997,0.0015,0.0002,0.2617,0.0002,200,87.2204
0.4731,0.0999,0.0019,0.0001,0.3728,0.0002,200,87.5822
0.3424,0.0996,0.0018,0.0001,0.2426,0.0001,200,88.0553
0.4377,0.0977,0.0013,0.0001,0.3398,0.0001,200,88.3977
0.3585,0.099,0.001,0.0001,0.2593,0.0001,200,88.8354
0.4268,0.0978,0.0008,0.0,0.3288,0.0001,200,89.1939
0.3811,0.0978,0.0008,0.0,0.2831,0.0001,200,89.6208
0.3012,0.0976,0.001,0.0001,0.2034,0.0001,200,90.0018
0.3239,0.0968,0.0013,0.0001,0.2255,0.0015,200,90.303
0.331,0.1005,0.0017,0.0001,0.2303,0.0,200,90.6269
0.377,0.0964,0.0012,0.0001,0.2805,0.0001,200,90.958
0.2865,0.0975,0.0012,0.0001,0.1887,0.0002,200,91.335
0.3948,0.0974,0.0015,0.0001,0.297,0.0002,200,91.6215
0.3417,0.0982,0.0016,0.0001,0.2431,0.0003,200,92.0163
0.4162,0.1427,0.0024,0.0,0.2732,0.0,200,92.358
0.3598,0.0968,0.0009,0.0,0.2629,0.0001,200,92.7742
0.2876,0.0977,0.0009,0.0001,0.1897,0.0001,200,93.134
0.3472,0.0964,0.0016,0.0001,0.2505,0.0001,200,93.4216
0.3253,0.0982,0.001,0.0001,0.2269,0.0002,200,93.7688
0.4072,0.0985,0.0028,0.0001,0.3084,0.0001,200,94.0941
0.4339,0.0976,0.0014,0.0001,0.3361,0.0001,200,94.5012
0.421,0.0956,0.0008,0.0001,0.3251,0.0003,200,94.9352
0.3823,0.1039,0.0019,0.0001,0.2781,0.0002,200,95.3562
